<?xml version="1.0" encoding="UTF-8"?>
<!DOCTYPE mapper
PUBLIC "-//mybatis.org//DTD Mapper 3.0//EN"
"http://mybatis.org/dtd/mybatis-3-mapper.dtd" >

<mapper namespace="com.human.dao.IF_BoardDAO">
	<select id="myboardSelectList" parameterType="String"
		resultType="com.human.VO.BoardVO">
		select b.*, m.nick_name, m.grade from board b full outer
		join member m
		on b.m_id = m.id where b.m_id=#{id} order by b.num desc
	</select>

	<select id="boardSelectList" parameterType="String"
		resultType="com.human.VO.BoardVO">
		select b.*, m.nick_name, m.grade from board b full outer
		join member m on b.m_id = m.id where b_type=#{b_type}
		order by b.num
		asc
	</select>
	<insert id="boardInsertOne" parameterType="com.human.VO.BoardVO">
		insert into board
		values(#{num},#{m_id},#{title},#{con},default,default,
		default,#{b_type})
	</insert>
	<select id="board_seq_num" resultType="int">
		select board_seq.nextval
		from dual
	</select>

	<select id="boardSelectOne" parameterType="int"
		resultType="com.human.VO.BoardVO">
		SELECT b.*, m.nick_name, m.grade
		FROM board b
		FULL OUTER JOIN
		member m ON b.m_id = m.id
		WHERE b.num = #{num}
	</select>
	<update id="boardUpdateViewCnt" parameterType="int">
		update board set
		view_cnt=view_cnt+1 where num=#{num}
	</update>
	<update id="detailBoard_love" parameterType="int">
		update board set
		love=love+1 where num=#{num}
	</update>
	<select id="detailBoard_love_return" parameterType="int"
		resultType="int">
		select love from board where num = #{num}
	</select>

	<update id="boardUpdate" parameterType="com.human.VO.BoardVO">
		update board set
		title=#{title}, con=#{con} where num=#{num}
	</update>

	<delete id="boardDeleteOne" parameterType="int">
		delete from board
		where num=#{num}
	</delete>
</mapper>