<?xml version="1.0" encoding="UTF-8"?>
<!DOCTYPE mapper
PUBLIC "-//mybatis.org//DTD Mapper 3.0//EN"
"http://mybatis.org/dtd/mybatis-3-mapper.dtd" >

<mapper namespace="com.human.dao.IF_RoomDAO">
	<insert id="camp_room_save" parameterType="hashmap">
		insert into room 
		values(#{num},#{c_num},#{r_name},#{max_cnt},#{basic_cnt},#{r_price})
	</insert>
	<select id="camp_room_seq" resultType="int">
		select room_seq.nextval from dual
	</select>
	<select id="roomSelectList" parameterType="int" resultType="com.human.VO.RoomSelectVO">
		select r.*, f.filename 
		from room r full outer join filedata f 
		on r.num=f.r_num 
		where r.c_num=#{c_num}
	</select>
	
	<delete id="camp_room_mod" parameterType="int">
		delete from room where c_num=#{c_num}
	</delete>
</mapper>