<?xml version="1.0" encoding="UTF-8"?>
<beans xmlns="http://www.springframework.org/schema/beans"
	xmlns:xsi="http://www.w3.org/2001/XMLSchema-instance"
	xmlns:context="http://www.springframework.org/schema/context"
	xmlns:mvc="http://www.springframework.org/schema/mvc"
	xsi:schemaLocation="http://www.springframework.org/schema/mvc http://www.springframework.org/schema/mvc/spring-mvc-4.3.xsd
		http://www.springframework.org/schema/beans https://www.springframework.org/schema/beans/spring-beans.xsd
		http://www.springframework.org/schema/context http://www.springframework.org/schema/context/spring-context-4.3.xsd">
	
	<!-- Root Context: defines shared resources visible to all other web components -->
			<!-- 오라클 bean -->
   <bean
      class="org.springframework.jdbc.datasource.DriverManagerDataSource"
      id="dataSource">
   	<property value="oracle.jdbc.driver.OracleDriver"
         name="driverClassName" />
      <property value="jdbc:oracle:thin:@localhost:1521:orcl"
         name="url" /> 
      <!-- 오라클 사용자 이름 -->
      <property value="camping" name="username" />
      <!-- 오라클 사용자 비밀번호 -->
      <property value="1111" name="password" />
   </bean>


   <!-- mybatis사용하기 위한 객체를 설정 이것은 스프링이 구동되면서 객체를 만드어서 컨테이너에 등록 시킬 것이다.. -->
   <bean class="org.mybatis.spring.SqlSessionFactoryBean"
      id="sqlSessionFactory">
      <property name="dataSource" ref="dataSource" />
      <property value="classpath:/mapper/*Mapper.xml"
         name="mapperLocations" />         <!--메퍼지정 -->
   </bean>

   <!-- mybatis사용하기 위한 객체를 설정 이것은 스프링이 구동되면서 객체를 만드어서 컨테이너에 등록 시킬 것이다.. 지금 
      설정하는 bean(객체)을 dao가 주소를 주입받아서 mybatis의 작업을 요청할 것이다 -->

   <bean id="sqlSession"
      class="org.mybatis.spring.SqlSessionTemplate">
      <constructor-arg index="0" ref="sqlSessionFactory" />
   </bean>	
   
	<!-- smtp 설정 --> 
	<bean id="mailSender" class="org.springframework.mail.javamail.JavaMailSenderImpl">
	<property name="host" value="smtp.naver.com" /> 
	<property name="port" value="25" />
	<property name="username" value="발신할 이메일 주소" />
	<property name="password" value="이메일 비밀번호" />
	<property name="defaultEncoding" value="utf-8" />
	<property name="javaMailProperties">
		<props>
			<prop key="mail.debug">true</prop>
			<prop key="mail.smtp.starttls.enable">true</prop>
			<prop key="mail.smtps.ssl.checkserveridentity">true</prop>
			<prop key="mail.smtp.auth">true</prop>
			<prop key="mail.smtps.ssl.trust">*</prop>
			<prop key="mail.smtp.socketFactory.class">javax.net.ssl.SSLSocketFactory</prop>
		</props>
	</property>
	</bean>    
   
   
   
   
   <context:component-scan base-package="com.human.dao"/>
   <context:component-scan base-package="com.human.service"/>
</beans>
